date,open,high,low,close,volume
2015-11-16,79.65,80.72,78.02,78.77,493235
2015-11-17,79.17,80.39,78.4,79.01,434094
2015-11-18,79.02,79.15,77.9,78.79,428373
2015-11-19,78.51,78.74,77.02,78.19,351497
2015-11-20,78.65,81.75,78.27,81.24,511140
2015-11-23,80.96,82.7,80.12,81.73,305963
2015-11-24,81.05,81.73,80.19,81.5,182436
2015-11-25,81.34,83.02,81.09,82.08,263239
2015-11-27,82.38,84.45,82.38,83.49,170400
2015-11-30,83.28,84.65,81.45,81.57,339993
2015-12-01,81.75,84.24,81.01,83.84,276002
2015-12-02,84.1,85.8,83.51,84.72,601737
2015-12-03,85.35,85.77,78.7,79.0,572760
2015-12-04,78.92,80.75,77.72,80.5,356382
2015-12-07,80.0,81.15,78.53,79.82,346346
2015-12-08,79.33,86.73,78.77,86.4,901529
2015-12-09,86.36,87.99,82.37,82.78,522682
2015-12-10,82.95,84.93,82.2,84.63,352440
2015-12-11,83.3,84.5,81.86,82.98,448851
2015-12-14,82.68,82.99,80.21,80.7,349493
2015-12-15,81.42,84.93,81.06,84.43,374428
2015-12-16,85.38,86.99,84.01,86.54,357195
2015-12-17,87.0,87.7,84.8,85.67,278193
2015-12-18,85.8,88.88,85.8,87.6,638730
2015-12-21,87.6,89.19,86.94,88.32,424242
2015-12-22,88.21,88.45,85.05,87.68,313115
2015-12-23,87.73,89.85,87.23,88.25,303095
2015-12-24,88.47,91.38,88.2,90.33,203628
2015-12-28,89.81,90.48,88.22,88.97,288400
2015-12-29,89.46,92.99,88.8,92.83,321827
2015-12-30,92.41,92.94,91.01,92.12,245852
2015-12-31,91.55,92.07,90.19,90.28,491721
2016-01-04,88.8,89.42,84.77,85.24,638068
2016-01-05,85.2,87.3,83.74,85.0,469566
2016-01-06,84.01,87.13,83.75,85.3,607106
2016-01-07,83.71,84.88,81.92,81.92,565316
2016-01-08,82.66,85.71,82.66,84.58,643855
2016-01-11,85.13,86.46,83.02,85.0,654871
2016-01-12,87.56,90.82,86.28,88.32,993958
2016-01-13,88.96,90.71,85.52,85.81,543523
2016-01-14,86.1,88.41,83.21,87.88,578522
2016-01-15,85.16,87.82,84.55,87.41,604834
2016-01-19,88.6,88.96,84.28,86.25,426110
2016-01-20,84.75,84.79,79.19,83.17,942465
2016-01-21,83.42,84.0,81.46,82.94,606338
2016-01-22,84.23,86.76,83.63,86.68,563427
2016-01-25,86.66,90.46,86.52,89.29,662966
2016-01-26,89.52,90.23,85.98,86.62,588769
2016-01-27,86.53,87.1,83.02,83.35,419775
2016-01-28,83.79,84.75,80.22,81.77,515874
2016-01-29,81.96,85.49,81.34,85.33,608453
2016-02-01,84.13,86.12,82.01,85.46,389845
2016-02-02,84.87,85.25,83.74,84.48,405270
2016-02-03,84.89,87.0,83.73,84.81,974708
2016-02-04,89.52,92.57,87.26,92.0,2240756
2016-02-05,92.0,92.5,81.09,81.53,1516582
2016-02-08,80.59,81.38,67.81,71.16,2753062
2016-02-09,70.5,72.94,68.54,71.0,879895
2016-02-10,71.98,73.98,71.55,72.38,582895
2016-02-11,70.84,73.22,69.14,72.77,611509
2016-02-12,73.44,74.37,70.75,73.03,860870
2016-02-16,74.0,78.78,73.72,78.36,711196
2016-02-17,78.68,79.98,77.0,77.45,697012
2016-02-18,77.77,80.41,77.77,79.51,913807
2016-02-19,79.1,81.68,78.46,81.32,423619
2016-02-22,81.89,82.99,80.5,82.45,389863
2016-02-23,82.52,83.73,81.59,82.07,406973
2016-02-24,80.54,81.42,79.23,80.89,970683
2016-02-25,81.2,82.38,81.0,82.0,533935
2016-02-26,82.33,82.55,80.35,80.65,460043
2016-02-29,80.4,81.33,79.87,80.01,542251
2016-03-01,80.75,84.18,79.62,83.99,602284
2016-03-02,84.15,84.15,81.79,82.21,475512
2016-03-03,82.04,83.19,81.38,83.06,338133
2016-03-04,82.71,84.96,81.76,84.0,496560
2016-03-07,84.09,85.74,82.86,85.18,370497
2016-03-08,84.86,86.13,83.9,84.25,372929
2016-03-09,84.55,87.9,84.17,87.4,640795
2016-03-10,87.97,89.0,85.8,85.98,597752
2016-03-11,86.7,87.82,85.36,87.66,446083
2016-03-14,87.2,88.57,86.84,88.21,284789
2016-03-15,88.03,88.67,85.68,87.34,406672
2016-03-16,86.88,87.83,84.62,85.67,242540
2016-03-17,85.6,86.15,83.36,85.57,426480
2016-03-18,86.0,88.65,85.68,87.53,414956
2016-03-21,87.11,89.39,87.11,88.88,340536
2016-03-22,88.4,93.67,87.87,93.5,824631
2016-03-23,93.2,93.79,91.51,91.54,470236
2016-03-24,90.7,90.74,89.02,90.6,356452
2016-03-28,91.36,92.48,90.27,90.48,859829
2016-03-29,89.99,93.17,89.74,93.11,6388076
2016-03-30,93.74,94.21,92.93,93.03,890026
2016-03-31,92.79,95.21,92.05,94.81,750258
2016-04-01,94.62,97.0,93.74,96.58,638482
2016-04-04,96.64,97.49,95.49,95.7,508690
2016-04-05,95.06,96.0,94.03,95.14,561897
2016-04-06,94.92,97.76,94.28,97.22,687967
2016-04-07,96.97,97.01,94.54,95.64,580306
2016-04-08,99.0,99.0,93.9,96.25,634208
2016-04-11,96.45,96.74,94.89,95.1,386370
2016-04-12,95.02,96.41,94.86,96.18,625193
2016-04-13,96.63,98.98,95.91,98.57,526107
2016-04-14,98.75,98.92,97.0,97.37,397045
2016-04-15,96.86,98.4,95.81,98.22,509032
2016-04-18,97.66,101.39,97.63,101.17,625245
2016-04-19,101.77,103.17,100.04,100.38,824959
2016-04-20,100.77,102.62,100.3,101.64,595801
2016-04-21,101.38,102.78,101.01,102.12,386643
2016-04-22,100.64,103.12,100.64,101.83,410577
2016-04-25,101.5,102.34,101.07,102.3,315502
2016-04-26,102.37,102.57,100.84,102.03,333851
2016-04-27,101.73,102.41,100.55,102.05,263317
2016-04-28,99.5,102.43,98.6,99.94,561661
2016-04-29,99.38,100.0,95.93,97.14,922343
2016-05-02,97.61,100.77,97.61,99.26,898845
2016-05-03,101.06,101.4,96.39,98.9,1641109
2016-05-04,98.92,99.35,94.41,94.89,802133
2016-05-05,94.88,96.29,93.45,94.77,609721
2016-05-06,93.82,95.95,93.0,94.94,503750
2016-05-09,94.58,96.86,93.92,96.41,408650
2016-05-10,97.1,97.84,95.5,96.75,478477
2016-05-11,96.28,97.8,96.0,96.1,413678
2016-05-12,96.18,96.64,92.85,94.27,420137
2016-05-13,94.0,95.39,93.52,94.08,298425
2016-05-16,94.44,97.22,93.28,96.42,466820
2016-05-17,95.69,96.42,93.49,94.13,478809
2016-05-18,93.75,95.35,92.03,95.06,539103
2016-05-19,94.32,96.09,93.11,95.36,446810
2016-05-20,96.0,97.32,94.81,97.28,390928
2016-05-23,96.88,97.53,95.82,96.99,326738
2016-05-24,97.6,99.82,97.4,99.62,428793
2016-05-25,99.81,99.95,98.8,98.94,403460
2016-05-26,99.43,99.61,98.51,98.8,289295
2016-05-27,98.81,99.85,98.38,99.74,321165
2016-05-31,99.22,100.71,98.83,99.31,466666
2016-06-01,98.98,102.03,98.69,101.58,401234
2016-06-02,101.5,101.97,100.83,101.87,381604
2016-06-03,101.75,102.13,100.9,101.81,495950
2016-06-06,101.64,102.14,100.76,101.89,338429
2016-06-07,101.92,104.95,101.63,104.31,588009
2016-06-08,104.54,104.91,104.13,104.37,415374
2016-06-09,104.23,104.92,103.26,104.31,381989
2016-06-10,103.31,103.64,101.93,102.53,343461
2016-06-13,101.93,103.48,101.59,101.77,419680
2016-06-14,101.56,102.45,100.91,102.03,294545
2016-06-15,102.34,103.42,101.62,103.09,456650
2016-06-16,102.56,103.0,99.4,100.72,566016
2016-06-17,100.33,100.46,98.07,99.23,801782
2016-06-20,100.0,102.84,99.61,101.72,625658
2016-06-21,101.57,103.14,100.51,101.76,466838
2016-06-22,101.49,103.11,101.04,101.7,394987
2016-06-23,102.69,104.27,101.52,104.25,558205
2016-06-24,99.0,103.98,98.01,100.37,4664903
2016-06-27,99.57,101.45,99.01,101.23,1046022
2016-06-28,101.94,105.35,101.25,105.09,667003
2016-06-29,105.98,108.48,105.66,108.16,791818
2016-06-30,109.21,109.66,108.11,109.29,719336
2016-07-01,109.71,110.2,108.89,110.17,355337
2016-07-05,109.91,110.78,108.77,109.83,531802
2016-07-06,109.46,111.55,109.46,111.44,809462
2016-07-07,111.96,114.5,111.14,113.53,592422
2016-07-08,114.08,115.89,112.86,114.15,645893
2016-07-11,115.0,116.71,114.63,115.94,795738
2016-07-12,116.17,118.21,116.0,117.76,803751
2016-07-13,118.53,119.72,116.82,117.51,637344
2016-07-14,118.39,118.69,116.94,117.78,480559
2016-07-15,117.92,118.55,116.6,117.14,311525
2016-07-18,117.91,118.26,116.66,117.47,343322
2016-07-19,117.32,118.88,116.16,116.59,391182
2016-07-20,117.28,119.9,117.25,118.24,574503
2016-07-21,118.45,118.89,115.31,116.01,463432
2016-07-22,116.07,116.47,115.07,116.25,435028
2016-07-25,116.35,116.41,114.26,114.62,756719
2016-07-26,114.2,114.96,114.05,114.27,841357
2016-07-27,114.93,116.45,114.12,115.97,928820
2016-07-28,116.0,116.0,112.05,115.03,828104
2016-07-29,115.24,119.93,115.24,117.97,880073
2016-08-01,118.12,119.55,118.12,119.5,561785
2016-08-02,119.5,119.9,117.5,118.91,586770
2016-08-03,119.05,119.85,118.32,118.58,371965
2016-08-04,118.73,121.57,118.46,121.41,549692
2016-08-05,121.62,122.98,120.0,120.25,476817
2016-08-08,120.0,120.31,118.33,120.26,365510
2016-08-09,120.81,124.06,120.81,123.33,619672
2016-08-10,123.7,124.26,121.46,123.46,364500
2016-08-11,123.28,124.72,122.99,124.09,389947
2016-08-12,123.81,123.96,122.24,123.69,233100
2016-08-15,123.81,124.43,123.22,123.39,314061
2016-08-16,122.8,123.26,121.83,122.46,250529
2016-08-17,122.9,122.9,120.49,121.76,261279
2016-08-18,122.23,123.91,121.05,121.52,262344
2016-08-19,121.0,122.06,120.35,121.43,369444
2016-08-22,121.02,121.61,120.09,120.67,321338
2016-08-23,121.01,121.48,120.57,121.07,346735
2016-08-24,121.49,121.93,117.04,117.4,346596
2016-08-25,117.0,119.19,116.21,116.94,298097
2016-08-26,117.28,118.99,116.36,118.76,262123
2016-08-29,119.03,121.44,118.9,120.71,303057
2016-08-30,120.57,120.96,119.03,119.34,221260
2016-08-31,119.5,119.5,117.6,117.94,303737
2016-09-01,117.98,118.57,117.05,117.63,305272
2016-09-02,118.0,118.0,116.72,117.43,328959
2016-09-06,117.15,118.33,117.15,117.98,325284
2016-09-07,118.39,119.06,117.73,119.04,401181
2016-09-08,118.65,120.09,118.65,119.87,266837
2016-09-09,119.11,120.1,116.3,116.37,370719
2016-09-12,115.56,119.48,114.57,119.34,343308
2016-09-13,118.8,119.14,116.79,117.38,299795
2016-09-14,117.37,119.26,117.37,118.52,249612
2016-09-15,118.79,123.94,118.09,123.17,406503
2016-09-16,122.91,125.04,122.3,124.93,650238
2016-09-19,125.14,127.1,123.65,125.1,525995
2016-09-20,126.07,126.45,124.89,125.1,247596
2016-09-21,125.63,127.19,124.43,126.9,309869
2016-09-22,127.86,127.86,126.17,126.37,334204
2016-09-23,126.03,126.09,123.06,123.53,293179
2016-09-26,123.25,127.22,122.26,126.72,429545
2016-09-27,127.2,131.11,126.08,129.19,613061
2016-09-28,129.12,130.22,127.74,129.89,312802
2016-09-29,130.27,131.16,126.18,128.42,483443
2016-09-30,128.63,129.84,127.81,128.58,368169
2016-10-03,127.94,128.7,126.18,127.8,364925
2016-10-04,128.48,129.1,126.36,127.37,335862
2016-10-05,127.49,128.5,126.7,127.45,406572
2016-10-06,127.5,128.79,126.02,128.5,394353
2016-10-07,128.58,129.54,126.53,128.47,352183
2016-10-10,128.9,132.95,128.7,131.74,269224
2016-10-11,131.73,131.73,126.53,127.58,307978
2016-10-12,127.88,128.28,126.93,127.34,207038
2016-10-13,126.75,128.5,126.05,127.71,177656
2016-10-14,128.01,128.5,126.61,127.06,199049
2016-10-17,127.0,129.37,126.39,127.95,333901
2016-10-18,128.97,131.39,127.99,129.07,194238
2016-10-19,129.5,129.67,127.12,127.87,220241
2016-10-20,126.5,127.58,123.35,125.27,630394
2016-10-21,124.91,126.06,123.73,124.85,311778
2016-10-24,125.88,127.5,125.31,125.61,261657
2016-10-25,125.62,126.49,121.61,121.97,386717
2016-10-26,119.9,120.25,109.38,111.53,2881881
2016-10-27,101.51,104.4,95.14,103.32,3944080
2016-10-28,103.01,106.29,101.28,105.13,1547443
2016-10-31,104.34,105.23,102.17,104.99,891429
2016-11-01,106.03,106.15,104.34,105.75,736411
2016-11-02,104.97,104.97,103.01,104.17,865116
2016-11-03,104.31,104.68,101.79,102.51,574575
2016-11-04,102.52,105.32,102.28,104.7,612556
2016-11-07,106.29,107.85,104.81,107.34,648919
2016-11-08,106.47,108.64,105.7,107.91,369078
2016-11-09,107.07,107.56,104.16,106.02,406927
2016-11-10,107.03,107.71,105.27,107.25,565669
2016-11-11,106.72,110.24,106.55,110.01,630118
2016-11-14,111.08,111.9,108.81,110.01,767034
2016-11-15,110.02,112.04,109.56,111.59,657252
2016-11-16,111.42,112.52,110.01,111.55,647747
2016-11-17,111.98,113.95,110.96,113.6,455154
2016-11-18,113.51,114.7,113.04,113.41,817781
2016-11-21,113.12,116.11,112.92,115.81,594814
2016-11-22,116.04,116.83,110.51,111.02,519682
2016-11-23,110.21,113.34,109.75,112.85,428394
2016-11-25,113.36,113.98,111.42,113.67,92319
2016-11-28,113.66,114.68,111.81,112.22,305881
2016-11-29,112.47,113.23,111.47,112.09,286319
2016-11-30,112.67,112.95,110.01,112.24,452490
2016-12-01,112.08,112.96,106.59,107.39,783031
2016-12-02,107.03,109.83,106.8,108.87,460155
2016-12-05,109.26,110.82,108.82,109.95,264961
2016-12-06,109.62,114.68,109.53,112.94,781447
2016-12-07,114.07,117.94,111.79,116.65,710069
2016-12-08,116.82,118.79,115.25,118.08,446347
2016-12-09,118.76,118.76,116.42,116.92,322991
2016-12-12,116.4,119.15,115.6,119.06,436026
2016-12-13,119.61,120.89,118.04,118.66,385445
2016-12-14,118.23,120.36,118.02,119.2,383777
2016-12-15,119.02,120.79,118.18,118.67,290545
2016-12-16,118.65,119.44,117.31,117.54,584686
2016-12-19,117.54,118.36,116.33,116.77,450405
2016-12-20,116.5,117.69,112.12,113.1,720762
2016-12-21,112.77,114.73,112.77,113.56,350667
2016-12-22,113.3,113.3,110.37,111.55,343636
2016-12-23,111.76,113.08,110.5,112.38,142523
2016-12-27,112.37,113.95,112.05,113.74,195803
2016-12-28,113.7,114.3,112.53,112.78,160174
2016-12-29,112.74,114.36,110.82,113.58,179566
2016-12-30,113.6,113.99,112.26,112.68,166052
2017-01-03,112.56,114.41,111.48,112.36,284401
2017-01-04,113.02,115.97,112.32,115.74,336089
2017-01-05,115.9,116.05,113.7,114.81,383035
2017-01-06,115.05,115.92,114.77,115.42,268868
2017-01-09,115.62,117.71,114.67,117.11,338873
2017-01-10,112.48,114.71,110.0,112.24,830602
2017-01-11,112.35,112.95,109.83,111.27,492852
2017-01-12,110.99,112.5,110.21,112.37,278757
2017-01-13,112.87,115.73,112.22,115.67,371449
2017-01-17,114.69,115.49,113.92,114.02,272142
2017-01-18,114.82,114.82,112.91,113.27,235792
2017-01-19,113.47,113.64,111.62,112.21,387372
2017-01-20,112.0,112.3,110.83,111.84,388409
2017-01-23,111.6,112.6,110.26,111.57,367884
2017-01-24,111.82,112.6,110.45,112.3,302975
2017-01-25,113.43,115.68,113.2,114.82,404601
2017-01-26,116.49,116.49,105.13,106.09,1243453
2017-01-27,105.75,110.46,105.75,108.85,763795
2017-01-30,108.0,108.01,105.38,106.15,574818
2017-01-31,106.3,107.0,105.16,106.37,454160
2017-02-01,106.28,106.76,104.9,105.59,467465
2017-02-02,104.55,105.08,103.53,104.1,882904
2017-02-03,104.85,105.93,103.82,104.96,734225
2017-02-06,105.11,111.22,105.11,110.5,1240536
2017-02-07,111.21,111.82,109.35,109.94,456084
2017-02-08,109.9,110.38,108.42,108.73,271353
2017-02-09,109.0,109.44,107.33,108.45,372849
2017-02-10,108.36,109.0,107.65,108.64,576590
2017-02-13,108.04,108.83,107.33,107.38,233693
2017-02-14,107.6,109.48,107.6,108.96,362340
2017-02-15,108.7,110.7,108.22,110.62,453680
2017-02-16,110.98,114.4,110.61,114.25,725334
2017-02-17,114.01,116.92,112.2,116.57,548470
2017-02-21,117.15,118.16,116.29,117.81,430370
2017-02-22,117.98,118.15,116.92,117.0,167751
2017-02-23,117.03,117.22,114.36,116.89,289271
2017-02-24,116.0,117.5,114.28,117.14,207216
2017-02-27,117.36,118.84,116.55,117.94,716894
2017-02-28,117.92,118.71,116.83,117.97,319617
2017-03-01,119.16,121.83,118.02,121.29,417015
2017-03-02,121.75,122.18,119.8,120.05,319503
2017-03-03,119.93,121.72,119.41,120.73,191501
2017-03-06,119.28,120.29,118.05,119.79,258573
2017-03-07,119.08,120.75,118.66,120.03,315651
2017-03-08,120.28,121.06,119.55,120.13,207563
2017-03-09,120.23,120.83,119.8,120.17,177796
2017-03-10,120.51,121.34,119.77,121.21,222663
2017-03-13,120.95,121.86,120.39,121.69,250883
2017-03-14,122.22,122.22,120.25,120.53,164237
2017-03-15,120.77,123.39,120.43,122.97,234999
2017-03-16,123.0,123.2,121.84,122.91,138641
2017-03-17,123.17,124.68,122.76,123.97,412350
2017-03-20,123.97,124.41,122.52,123.59,172062
2017-03-21,124.18,124.83,122.21,122.27,249388
2017-03-22,122.36,123.66,121.86,123.47,232773
2017-03-23,123.11,125.49,122.13,123.75,331623
2017-03-24,124.17,126.0,124.17,124.89,180464
2017-03-27,123.7,125.67,122.93,125.26,245891
2017-03-28,124.82,125.55,124.07,125.05,345099
2017-03-29,124.79,125.85,124.21,124.88,278875
2017-03-30,125.0,126.04,124.57,125.0,267802
2017-03-31,124.75,125.92,124.45,125.2,435487
2017-04-03,125.23,125.58,123.71,125.05,320809
2017-04-04,125.15,126.26,123.6,124.08,315229
2017-04-05,124.75,125.31,123.28,123.4,295192
2017-04-06,125.5,125.9,124.1,125.54,278644
2017-04-07,124.97,126.06,124.69,125.49,156290
2017-04-10,125.4,126.39,124.76,125.16,172127
2017-04-11,124.89,125.99,124.3,125.87,167840
2017-04-12,125.87,126.17,125.27,125.48,150936
2017-04-13,125.16,125.81,124.27,124.61,144238
2017-04-17,122.0,122.0,119.13,120.73,592725
2017-04-18,120.44,121.44,117.37,121.17,232908
2017-04-19,121.26,123.67,121.26,123.12,273714
2017-04-20,123.43,125.9,122.6,125.21,234591
2017-04-21,125.07,125.17,124.05,125.03,177820
2017-04-24,126.19,130.43,126.19,129.25,384484
2017-04-25,129.66,130.26,128.51,129.16,246519
2017-04-26,130.04,130.79,129.4,130.08,177989
2017-04-27,130.47,131.68,128.23,130.92,231925
2017-04-28,131.26,131.68,129.8,130.32,221717
2017-05-01,130.5,133.7,130.09,133.57,330386
2017-05-02,134.3,134.82,133.7,134.28,280309
2017-05-03,134.15,134.15,129.68,129.89,552012
2017-05-04,127.71,130.89,123.6,130.81,846979
2017-05-05,132.13,134.81,131.63,133.03,329944
2017-05-08,132.3,133.97,130.02,130.78,350418
2017-05-09,130.65,132.04,129.81,130.88,246945
2017-05-10,130.63,131.82,129.83,131.8,166914
2017-05-11,131.33,131.59,129.55,130.85,181572
2017-05-12,130.28,131.97,130.28,131.42,181400
2017-05-15,131.5,134.71,131.06,134.51,346432
2017-05-16,133.64,133.99,132.03,133.84,337044
2017-05-17,132.29,132.84,130.47,130.54,316260
2017-05-18,129.96,133.88,129.8,133.24,508081
2017-05-19,134.0,134.91,132.63,134.43,236498
2017-05-22,134.5,137.0,134.5,135.8,385183
2017-05-23,136.62,136.63,134.55,134.74,224818
2017-05-24,135.0,135.44,134.1,134.9,422290
2017-05-25,135.33,136.74,134.39,135.88,282062
2017-05-26,135.69,139.02,135.69,138.59,461131
2017-05-30,138.2,140.62,138.2,139.72,400178
2017-05-31,139.74,141.24,137.34,137.43,336098
2017-06-01,137.45,141.86,137.45,141.0,318574
2017-06-02,141.12,142.49,140.61,141.55,300771
2017-06-05,141.98,142.95,140.85,141.81,153727
2017-06-06,141.46,143.0,140.0,142.15,488723
2017-06-07,142.63,143.0,141.52,142.06,291161
2017-06-08,143.0,143.75,141.59,142.84,609735
2017-06-09,143.28,145.58,139.79,141.23,346231
2017-06-12,139.94,141.09,134.8,139.97,534058
2017-06-13,140.43,141.79,139.62,140.65,352094
2017-06-14,141.48,143.71,140.67,142.3,241812
2017-06-15,141.01,143.29,140.29,142.88,215161
2017-06-16,142.75,143.49,142.14,143.39,293856
2017-06-19,144.17,146.32,143.85,145.94,175870
2017-06-20,146.24,147.45,144.13,144.46,245271
2017-06-21,144.49,146.0,143.54,145.5,170028
2017-06-22,145.06,145.75,143.62,144.73,293761
2017-06-23,144.98,145.58,144.29,144.49,259200
2017-06-26,144.49,145.4,142.59,142.78,278431
2017-06-27,142.72,142.72,139.65,140.47,318361
2017-06-28,141.25,143.1,140.92,142.41,278714
2017-06-29,142.39,142.39,139.49,140.24,218284
2017-06-30,140.86,144.07,139.99,143.3,460611
2017-07-03,144.82,145.5,141.48,142.29,140464
2017-07-05,142.84,143.5,141.76,142.38,201400
2017-07-06,141.37,143.19,139.55,139.96,248553
2017-07-07,140.22,142.6,139.77,142.05,139908
2017-07-10,142.12,142.47,140.0,141.15,298932
2017-07-11,141.44,142.9,141.06,142.06,320140
2017-07-12,143.21,145.28,142.85,144.08,183436
2017-07-13,144.5,144.5,142.22,142.99,218631
2017-07-14,143.3,146.06,142.7,145.07,195051
2017-07-17,145.5,145.96,142.82,144.04,168029
2017-07-18,143.71,145.25,143.19,144.34,218568
2017-07-19,144.92,145.69,144.0,144.55,279274
2017-07-20,144.8,145.21,144.06,144.3,237163
2017-07-21,144.08,145.2,142.91,144.1,290782
2017-07-24,144.1,147.39,143.93,147.3,217200
2017-07-25,147.82,149.34,147.46,148.3,580889
2017-07-26,148.56,149.11,145.02,145.08,731352
2017-07-27,144.02,145.23,141.56,142.97,687741
2017-07-28,143.01,147.54,142.22,146.25,375370
2017-07-31,147.02,148.42,146.01,148.09,339038
2017-08-01,148.85,148.91,146.61,146.78,263206
2017-08-02,146.8,146.8,144.63,146.44,318116
2017-08-03,146.32,147.9,144.51,147.89,284485
2017-08-04,148.63,151.22,148.33,151.01,397836
2017-08-07,151.67,153.44,151.17,153.35,249455
2017-08-08,153.3,157.41,152.74,155.87,417593
2017-08-09,155.1,156.89,154.71,155.85,369056
2017-08-10,155.35,156.2,149.94,150.01,382660
2017-08-11,150.66,152.31,149.88,151.37,218394
2017-08-14,152.6,154.4,152.41,154.26,165916
2017-08-15,154.73,155.29,153.55,154.51,174102
2017-08-16,155.27,155.68,154.1,155.16,254386
2017-08-17,155.16,156.24,153.63,153.7,125036
2017-08-18,153.58,153.58,151.95,152.14,253696
2017-08-21,152.15,153.69,151.93,153.32,307721
2017-08-22,153.0,155.59,152.64,154.99,281986
2017-08-23,154.76,154.93,152.75,152.9,215339
2017-08-24,153.27,153.81,148.76,148.93,518920
2017-08-25,149.67,149.67,147.13,147.67,241826
2017-08-28,147.8,149.12,147.67,147.9,295334
2017-08-29,145.98,147.1,144.64,145.39,491437
2017-08-30,145.78,147.54,144.01,147.48,441172
2017-08-31,147.68,150.89,147.65,150.8,237878
2017-09-01,150.85,151.59,150.1,151.06,231401
2017-09-05,150.57,151.61,148.8,150.51,566240
2017-09-06,150.92,152.16,150.14,151.61,283977
2017-09-07,152.08,153.88,151.43,153.85,244534
2017-09-08,153.64,157.88,153.64,156.9,218161
2017-09-11,157.17,158.13,157.07,157.81,316973
2017-09-12,158.28,158.28,156.5,157.91,170037
2017-09-13,157.38,159.25,154.64,158.46,263772
2017-09-14,158.75,159.8,157.64,158.87,257595
2017-09-15,158.85,158.85,157.87,158.58,571195
2017-09-18,157.93,158.83,157.23,157.9,273081
2017-09-19,158.54,158.6,155.57,157.1,234555
2017-09-20,157.32,157.92,156.53,157.42,191715
2017-09-21,158.91,160.1,158.36,159.79,287244
2017-09-22,160.01,164.6,159.51,163.96,355780
2017-09-25,164.2,164.52,158.71,160.31,280781
2017-09-26,160.53,161.05,159.77,160.61,195045
2017-09-27,161.41,163.88,161.05,163.72,253371
2017-09-28,163.96,163.96,161.6,162.34,273790
2017-09-29,164.68,171.0,164.42,168.6,570036
2017-10-02,168.93,171.39,168.7,169.86,361146
2017-10-03,170.12,170.83,167.83,168.78,334607
2017-10-04,169.74,171.95,168.71,171.8,250462
2017-10-05,172.31,174.14,170.75,173.65,278254
2017-10-06,173.37,175.6,173.1,174.88,208368
2017-10-09,175.59,175.72,173.63,173.99,219521
2017-10-10,173.87,173.87,171.49,172.18,293859
2017-10-11,172.39,172.93,171.66,172.66,284881
2017-10-12,173.59,173.6,170.6,173.0,364130
2017-10-13,172.6,175.48,172.12,173.85,141223
2017-10-16,171.66,172.92,170.1,170.55,295837
2017-10-17,171.0,172.64,170.94,172.47,167995
2017-10-18,172.97,173.75,171.91,172.95,174769
2017-10-19,173.0,173.37,170.57,172.21,225788
2017-10-20,173.4,175.79,172.27,174.62,209566
2017-10-23,174.98,177.76,174.53,176.0,264493
2017-10-24,175.8,177.11,174.49,176.71,279675
2017-10-25,176.72,176.72,164.8,171.37,861732
2017-10-26,177.0,180.15,170.3,179.59,1151174
2017-10-27,182.02,183.96,180.04,181.07,676567
2017-10-30,179.56,180.12,177.4,179.48,394338
2017-10-31,180.12,193.95,180.12,192.92,800012
2017-11-01,192.98,194.42,188.12,188.89,386670
2017-11-02,189.82,193.29,189.77,190.05,365074
2017-11-03,190.33,195.02,190.33,194.9,320979
2017-11-06,195.18,198.29,195.14,196.55,348991
2017-11-07,197.11,198.0,194.95,197.21,176487
2017-11-08,193.9,197.79,192.62,196.97,379927
2017-11-09,196.93,197.28,194.83,195.54,213486
2017-11-10,195.53,196.2,193.59,195.21,176495
2017-11-13,193.36,196.0,193.36,195.13,464623
2017-11-14,195.0,196.08,193.11,193.75,344240
2017-11-15,193.61,194.17,190.07,193.11,342547
2017-11-16,193.79,196.48,193.36,194.91,291553
2017-11-17,194.56,194.88,191.44,194.32,448782
2017-11-20,200.0,200.0,195.11,195.59,409163
2017-11-21,197.22,199.61,196.31,199.58,352850
2017-11-22,199.7,199.75,197.01,198.86,280671
2017-11-24,199.63,199.98,198.56,199.74,85790
2017-11-27,199.98,200.28,198.09,198.45,289165
2017-11-28,198.71,199.06,194.61,197.33,808604
2017-11-29,197.86,198.82,193.0,194.15,419165
2017-11-30,195.15,196.18,193.08,194.84,354939
2017-12-01,195.0,195.26,189.26,194.6,353377
2017-12-04,196.52,196.54,189.45,189.57,532458
2017-12-05,189.2,193.03,187.34,187.96,379090
2017-12-06,187.71,189.26,186.72,187.0,261679
2017-12-07,187.54,190.53,187.54,187.91,355093
2017-12-08,188.01,191.4,187.95,191.36,273136
2017-12-11,191.36,193.84,191.08,193.43,258837
2017-12-12,194.06,195.13,192.44,192.94,191913
2017-12-13,193.02,193.86,191.74,193.06,177320
2017-12-14,193.53,194.74,188.18,188.44,292909
2017-12-15,189.42,191.22,188.14,188.71,391522
2017-12-18,190.01,191.38,189.05,190.07,233650
2017-12-19,190.91,194.01,190.71,193.89,229839
2017-12-20,193.82,194.87,192.31,193.69,141592
2017-12-21,194.95,195.65,190.05,190.63,198355
2017-12-22,190.92,191.8,190.06,191.64,148693
2017-12-26,191.31,191.46,189.29,189.54,128040
2017-12-27,189.96,191.62,188.55,190.42,237082
2017-12-28,190.5,190.83,189.62,190.55,127741
2017-12-29,190.56,190.81,187.01,187.41,189698
2018-01-02,188.13,193.36,188.05,192.49,233813
2018-01-03,193.29,196.48,192.53,195.82,208882
2018-01-04,198.0,200.14,197.27,199.25,300923
2018-01-05,200.78,202.96,200.78,202.32,277387
2018-01-08,208.24,211.34,204.67,207.8,387478
2018-01-09,209.11,210.15,206.82,209.76,234945
2018-01-10,209.57,209.76,206.54,208.14,166431
2018-01-11,209.61,210.24,207.5,210.15,215975
2018-01-12,210.72,216.15,210.36,215.11,283376
2018-01-16,216.69,219.11,216.0,218.09,558672
2018-01-17,219.11,225.24,217.58,224.13,535188
2018-01-18,224.76,228.08,224.0,225.89,332510
2018-01-19,227.33,229.05,226.09,228.29,179201
2018-01-22,229.23,229.43,226.83,228.18,245040
2018-01-23,228.71,231.39,227.45,230.27,231505
2018-01-24,231.25,233.5,228.78,232.95,331392
2018-01-25,234.0,237.4,232.93,236.32,264776
2018-01-26,237.3,239.1,233.51,238.89,199120
2018-01-29,239.0,239.92,235.87,236.65,306116
2018-01-30,233.56,237.61,219.61,235.06,488141
2018-01-31,236.1,237.31,233.49,235.0,332713
2018-02-01,238.0,253.88,238.0,253.13,949727
2018-02-02,251.1,255.42,246.61,248.2,426663
2018-02-05,245.0,245.0,236.51,239.37,872766
2018-02-06,232.46,242.37,227.2,232.11,916496
2018-02-07,232.11,240.14,232.11,239.02,518816
2018-02-08,240.0,240.39,229.23,229.5,495300
2018-02-09,230.21,231.73,219.13,229.38,556968
2018-02-12,232.15,235.49,228.99,233.72,371412
2018-02-13,230.04,236.14,225.5,233.99,313818
2018-02-14,237.27,256.13,236.66,255.47,1013934
2018-02-15,259.08,262.61,255.03,261.04,536246
2018-02-16,260.43,268.72,260.01,267.74,512496
2018-02-20,267.9,273.27,264.45,270.48,475470
2018-02-21,271.99,274.0,267.78,268.25,515635
2018-02-22,269.64,271.1,261.32,263.97,640131
2018-02-23,265.01,268.57,261.24,268.45,367297
2018-02-26,270.52,274.0,269.15,273.18,339641
2018-02-27,273.6,273.6,269.39,271.25,214973
2018-02-28,272.63,274.4,267.98,268.18,208097
2018-03-01,268.0,269.93,258.1,265.71,570935
2018-03-02,263.13,276.21,260.0,275.13,458854
2018-03-05,274.52,281.38,273.18,279.27,436765
2018-03-06,280.67,285.48,276.77,281.54,541779
2018-03-07,277.38,288.84,277.12,285.38,467758
2018-03-08,286.99,290.52,286.1,288.6,371094
2018-03-09,292.62,297.45,291.08,294.52,491489
2018-03-12,295.65,304.28,290.53,294.74,320092
2018-03-13,295.73,299.2,290.12,293.17,329296
2018-03-14,294.0,296.02,290.83,295.85,333507
2018-03-15,297.01,297.98,293.95,294.57,359069
2018-03-16,295.13,297.61,289.27,293.05,570767
2018-03-19,291.27,294.57,285.03,287.98,467836
2018-03-20,288.87,295.83,288.55,294.01,538444
2018-03-21,294.68,295.5,290.36,292.31,423206
2018-03-22,289.64,291.57,285.95,286.39,383027
2018-03-23,285.78,290.91,282.12,283.99,491287
2018-03-26,288.03,295.75,285.05,295.4,318534
2018-03-27,296.0,299.88,283.64,286.43,474218
2018-03-28,286.42,286.69,276.2,282.99,456124
2018-03-29,284.05,294.85,283.15,290.99,414802
2018-04-02,291.43,291.44,276.59,279.11,609402
2018-04-03,280.8,284.44,274.23,278.07,506365
2018-04-04,277.93,289.23,275.39,288.53,389071
2018-04-05,290.38,297.0,290.32,292.13,342970
2018-04-06,290.16,294.08,282.37,286.22,335208
2018-04-09,289.09,294.25,287.71,288.12,315599
2018-04-10,292.6,301.17,290.26,300.28,594877
2018-04-11,300.4,302.94,295.28,296.4,317194
2018-04-12,297.53,299.58,295.59,296.94,320650
2018-04-13,298.88,301.29,293.85,296.74,268235
2018-04-16,298.0,299.99,294.68,296.32,311971
2018-04-17,298.06,305.77,294.28,304.43,552220
2018-04-18,305.84,309.28,302.18,307.63,447013
2018-04-19,305.74,307.05,303.51,306.45,339993
2018-04-20,306.01,307.12,302.71,305.92,272774
2018-04-23,305.9,306.55,300.61,302.65,420408
2018-04-24,303.23,305.49,285.02,290.93,607671
2018-04-25,287.0,294.26,277.01,293.2,861218
2018-04-26,294.52,305.35,290.16,303.41,454014
2018-04-27,304.69,306.3,297.39,301.74,458095
2018-04-30,303.28,308.74,300.85,300.95,545351
2018-05-01,301.69,311.6,301.69,310.5,445736
2018-05-02,309.77,310.39,298.17,302.14,937004
2018-05-03,310.0,341.89,307.99,335.57,1673897
2018-05-04,335.52,352.15,328.0,349.28,746304
2018-05-07,348.3,354.4,344.31,347.57,703396
2018-05-08,341.84,347.6,339.75,347.38,478866
2018-05-09,347.65,361.83,347.57,358.16,495844
2018-05-10,358.72,371.45,358.72,368.88,497228
2018-05-11,368.71,374.75,367.79,372.68,588678
2018-05-14,370.87,383.33,370.01,375.67,420663
2018-05-15,373.01,381.23,368.14,380.35,548062
2018-05-16,380.21,387.21,376.98,381.97,490190
2018-05-17,380.35,384.4,377.75,379.94,535694
2018-05-18,381.15,388.75,380.03,384.36,876442
2018-05-21,387.28,389.79,378.71,379.17,641580
2018-05-22,382.0,387.24,378.51,386.35,466269
2018-05-23,384.6,396.47,384.2,395.52,484637
2018-05-24,396.17,403.45,389.1,394.46,485669
2018-05-25,396.88,398.05,392.5,394.28,388427
2018-05-29,388.65,394.39,375.0,387.4,1245860
2018-05-30,389.04,397.39,385.87,388.57,10944542
2018-05-31,389.21,391.97,379.51,381.14,3663732
2018-06-01,384.9,399.47,380.17,392.25,917420
2018-06-04,395.61,406.34,392.37,405.84,988260
2018-06-05,407.52,415.0,402.75,405.67,772396
2018-06-06,406.92,411.01,404.5,410.27,575115
2018-06-07,411.51,413.89,393.77,405.62,690568
2018-06-08,405.29,414.94,405.2,409.77,537990
2018-06-11,409.77,420.07,408.46,418.21,404641
2018-06-12,420.0,432.38,419.0,430.85,815256
2018-06-13,431.05,438.24,427.01,433.07,852715
2018-06-14,435.19,444.8,434.59,440.65,708124
2018-06-15,441.0,445.45,435.48,443.58,799006
2018-06-18,440.09,446.81,435.77,443.15,691738
2018-06-19,438.62,441.68,432.03,439.64,986527
2018-06-20,441.1,450.93,441.1,446.21,583048
2018-06-21,450.06,450.65,433.51,438.27,603176
2018-06-22,443.15,444.07,426.99,427.29,1043041
2018-06-25,420.74,421.99,402.18,416.2,1083032
2018-06-26,419.23,430.77,413.02,428.37,846315
2018-06-27,429.2,432.62,409.58,410.64,635336
2018-06-28,409.09,417.5,398.0,413.94,743250
2018-06-29,419.14,422.96,408.85,409.05,577186
2018-07-02,407.0,415.31,400.52,412.51,422620
2018-07-03,414.91,414.97,408.93,409.53,314205
2018-07-05,410.2,411.4,392.2,400.58,882310
2018-07-06,400.72,409.51,399.0,405.99,622871
2018-07-09,407.88,413.86,403.16,408.46,608711
2018-07-10,413.09,413.5,399.73,405.15,644861
2018-07-11,402.67,408.0,399.18,403.79,398860
2018-07-12,408.19,415.02,408.16,414.61,1290505
2018-07-13,416.23,421.11,413.87,418.76,530049
2018-07-16,419.33,421.76,417.06,419.38,610866
2018-07-17,417.61,428.61,417.61,427.37,1019800
2018-07-18,430.19,432.7,426.77,431.55,699742
2018-07-19,431.94,433.56,425.33,425.99,536637
2018-07-20,427.0,429.78,422.32,423.48,713741
2018-07-23,423.5,431.66,418.21,430.9,527829
2018-07-24,434.0,436.42,419.41,423.41,555411
2018-07-25,423.8,431.82,422.7,430.64,621671
2018-07-26,414.87,415.0,360.22,384.21,1949208
2018-07-27,390.53,392.0,366.11,369.17,1003721
2018-07-30,365.91,366.34,351.13,356.42,1112634
2018-07-31,358.4,363.96,344.11,354.53,1149641
2018-08-01,353.1,368.5,351.76,363.19,821885
2018-08-02,361.02,373.09,358.0,372.2,780959
2018-08-03,393.72,396.97,371.39,377.11,1019873
2018-08-06,376.16,382.64,374.17,378.56,519024
2018-08-07,378.94,382.28,372.89,376.4,478131
2018-08-08,376.42,380.31,371.21,376.01,440288
2018-08-09,377.0,386.58,377.0,380.75,364022
2018-08-10,379.46,387.79,377.11,377.83,378831
2018-08-13,377.67,383.55,367.68,368.0,379061
2018-08-14,368.42,372.37,361.87,371.25,427089
2018-08-15,367.36,369.73,353.67,363.59,495673
2018-08-16,364.92,369.51,357.44,368.97,455488
2018-08-17,369.16,370.23,354.52,358.82,445566
2018-08-20,358.27,364.44,354.52,362.48,424511
2018-08-21,364.07,369.99,361.96,364.12,402738
2018-08-22,362.11,371.42,362.11,368.38,293352
2018-08-23,368.57,378.92,368.57,376.93,424560
2018-08-24,378.07,384.44,376.6,381.03,426489
2018-08-27,384.0,388.0,378.4,380.65,336108
2018-08-28,381.26,386.88,378.34,385.97,394029
2018-08-29,388.23,402.96,387.95,402.03,641568
2018-08-30,399.89,414.7,399.89,408.58,595080
2018-08-31,406.78,415.86,402.2,406.58,527302
2018-09-04,402.06,413.79,400.01,411.36,474248
2018-09-05,410.7,410.99,383.12,383.83,736689
2018-09-06,385.1,386.44,376.14,383.1,535924
2018-09-07,378.44,388.93,375.29,377.49,379843
2018-09-10,381.27,389.56,378.57,388.58,472605
2018-09-11,388.1,397.64,383.28,397.41,467214
2018-09-12,397.0,398.91,380.39,392.94,485940
2018-09-13,396.18,397.48,388.69,390.94,374789
2018-09-14,392.32,399.12,392.0,395.67,398558
2018-09-17,395.6,399.62,367.71,368.9,643832
2018-09-18,369.06,380.64,368.55,376.56,598008
2018-09-19,377.0,380.53,366.91,376.75,450337
2018-09-20,377.75,382.1,372.19,381.98,481318
2018-09-21,381.33,386.72,380.97,384.88,1565354
2018-09-24,381.03,422.91,378.0,419.61,995678
2018-09-25,420.0,445.7,419.06,441.52,1198599
2018-09-26,443.49,454.0,438.52,444.7,914019
2018-09-27,445.5,451.79,437.1,442.89,621054
2018-09-28,441.29,455.4,441.0,449.75,696383
2018-10-01,452.9,459.75,442.93,444.25,526928
2018-10-02,442.92,442.92,426.39,429.17,843881
2018-10-03,429.59,431.0,418.41,426.42,470167
2018-10-04,424.81,424.97,407.62,416.79,587510
2018-10-05,418.99,430.93,405.48,415.71,565030
2018-10-08,414.17,415.55,388.39,399.01,785224
2018-10-09,397.35,408.87,393.96,395.08,536320
2018-10-10,394.64,396.99,375.61,376.89,866026
2018-10-11,372.0,383.88,363.63,367.54,815546
2018-10-12,381.57,396.19,374.26,384.78,989299
2018-10-15,383.78,387.97,367.24,372.08,674031
2018-10-16,376.28,388.11,374.74,386.88,460620
2018-10-17,391.57,391.57,380.05,389.79,355505
2018-10-18,389.47,389.96,380.05,386.63,462805
2018-10-19,388.41,391.7,360.63,362.42,850471
2018-10-22,363.02,368.69,355.61,366.2,504893
2018-10-23,358.89,373.85,350.25,370.04,492533
2018-10-24,369.48,376.8,352.0,352.71,497901
2018-10-25,352.0,352.0,317.0,333.12,1416172
2018-10-26,320.1,337.52,317.56,330.35,753336
2018-10-29,331.39,339.69,313.4,320.03,730090
2018-10-30,320.15,333.67,315.34,331.22,602824
2018-10-31,338.0,352.46,333.88,341.2,897698
2018-11-01,357.0,378.37,342.0,376.94,1482052
2018-11-02,390.0,399.88,376.12,384.13,765386
2018-11-05,385.85,395.24,379.51,392.91,707496
2018-11-06,392.78,399.58,381.84,389.85,442600
2018-11-07,410.0,427.7,402.0,412.1,818318
2018-11-08,409.8,420.18,404.01,413.85,436239
2018-11-09,413.32,413.32,395.64,405.17,527323
2018-11-12,388.99,388.99,330.01,337.86,1693034
2018-11-13,342.4,351.74,329.3,330.63,784614
2018-11-14,333.3,335.16,309.83,312.56,1169404
2018-11-15,310.58,324.27,301.12,320.78,931334
2018-11-16,318.04,332.15,315.38,319.78,752891
2018-11-19,316.03,316.32,293.73,299.83,966341
2018-11-20,288.92,307.92,280.83,302.29,963799
2018-11-21,306.62,315.14,300.41,301.6,475797
2018-11-23,299.88,305.7,298.25,299.41,224649
2018-11-26,301.4,312.27,295.2,311.15,752131
2018-11-27,309.3,318.52,304.56,313.95,1090199
2018-11-28,316.64,335.99,316.46,335.22,710454
2018-11-29,331.65,335.43,327.0,331.99,533380
2018-11-30,334.36,335.98,329.04,332.68,522937
2018-12-03,339.62,344.99,333.21,343.45,572960
2018-12-04,340.83,343.2,321.9,327.18,587743
2018-12-06,318.0,333.26,310.58,332.98,501107
2018-12-07,331.56,333.0,315.05,317.52,469055
2018-12-10,317.9,326.79,312.46,323.66,447764
2018-12-11,330.0,330.8,322.6,328.13,391830
2018-12-12,335.0,341.09,330.32,330.69,376924
2018-12-13,332.42,338.21,317.26,319.72,444168
2018-12-14,313.63,323.93,312.03,316.19,348568
2018-12-17,312.57,312.57,295.4,298.77,758392
2018-12-18,305.11,306.75,299.14,304.8,552243
2018-12-19,305.0,314.66,290.45,296.14,647346
2018-12-20,296.14,303.21,275.49,284.28,896119
2018-12-21,283.79,294.04,283.31,290.29,1105363
2018-12-24,286.04,286.76,274.02,281.08,340737
2018-12-26,282.0,307.81,282.0,307.44,536619
2018-12-27,302.92,315.91,300.05,315.67,669197
2018-12-28,317.47,324.78,314.0,318.17,489051
2018-12-31,320.3,329.91,320.3,325.04,483727
2019-01-02,315.94,320.71,307.03,309.96,590090
2019-01-03,307.25,311.74,293.66,302.29,665345
2019-01-04,305.31,321.48,304.98,313.44,624313
2019-01-07,313.5,315.5,305.56,314.8,710612
2019-01-08,318.45,323.1,312.22,318.42,570860
2019-01-09,324.74,342.97,322.1,336.4,623971
2019-01-10,334.1,340.87,322.77,335.13,531139
2019-01-11,332.77,334.2,320.52,323.8,545064
2019-01-14,321.9,322.0,314.06,315.25,343558
2019-01-15,316.62,327.57,316.62,325.61,358240
2019-01-16,326.06,332.93,323.29,324.13,476913
2019-01-17,324.06,332.94,324.06,330.32,305591
2019-01-18,335.2,337.16,326.5,333.74,459825
2019-01-22,333.55,339.67,330.85,336.13,669122
2019-01-23,339.14,344.97,332.75,336.98,376092
2019-01-24,337.5,349.34,334.95,348.5,734215
2019-01-25,349.99,353.92,346.46,349.37,415137
2019-01-28,348.9,350.0,333.76,336.9,388755
2019-01-29,338.38,339.55,326.48,330.38,374337
2019-01-30,331.11,339.91,327.38,339.59,414173
2019-01-31,359.54,362.67,342.35,351.07,1073714
2019-02-01,348.79,351.45,340.92,351.08,496624
2019-02-04,349.18,352.44,316.38,330.41,1682200
2019-02-05,334.16,350.49,334.0,344.28,764733
2019-02-06,345.25,350.0,340.01,344.78,435175
2019-02-07,340.26,344.02,335.52,341.61,300581
2019-02-08,338.53,341.52,336.94,341.21,307537
2019-02-11,343.52,356.3,342.55,354.92,526024
2019-02-12,359.48,361.76,353.85,358.08,370315
2019-02-13,357.74,364.15,353.37,361.5,300080
2019-02-14,357.61,361.02,353.95,357.82,254470
2019-02-15,360.0,362.33,357.1,362.06,316491
2019-02-19,361.77,364.31,358.06,359.37,308183
2019-02-20,360.57,362.29,355.27,362.25,368841
2019-02-21,362.02,362.02,356.67,358.36,315775
2019-02-22,359.47,360.88,351.77,352.6,422926
2019-02-25,354.28,357.0,346.17,352.89,368913
2019-02-26,350.72,352.0,337.64,342.87,587235
2019-02-27,339.17,345.0,334.53,336.17,445937
2019-02-28,336.43,339.75,332.42,334.5,420605
2019-03-01,337.2,351.58,336.95,348.06,375293
2019-03-04,348.22,352.87,332.53,338.2,376131
2019-03-05,337.48,337.48,332.4,333.21,359719
2019-03-06,334.23,336.18,317.43,317.85,707605
2019-03-07,317.85,320.39,311.4,317.42,437067
2019-03-08,314.0,314.93,305.37,314.21,400094
2019-03-11,313.13,320.6,310.98,319.2,248959
2019-03-12,319.64,324.24,318.33,323.76,248361
2019-03-13,323.43,329.54,322.24,325.63,249369
2019-03-14,325.39,326.77,322.44,325.61,227755
2019-03-15,326.89,335.02,326.89,333.23,562779
2019-03-18,334.68,336.0,328.67,333.25,465513
2019-03-19,334.6,339.95,330.99,339.36,351809
2019-03-20,337.9,344.69,337.9,339.66,411140
2019-03-21,337.94,348.28,337.1,337.43,529094
2019-03-22,334.24,337.39,322.87,323.21,406068
2019-03-25,321.3,322.14,313.0,313.22,762427
2019-03-26,314.88,316.01,284.63,286.0,1961628
2019-03-27,286.6,289.06,272.17,276.39,1565299
2019-03-28,277.75,286.9,275.0,283.9,926102
2019-03-29,285.14,291.99,284.73,285.59,764126
2019-04-01,290.01,293.44,275.36,277.76,980841
2019-04-02,277.77,284.99,275.53,284.2,550077
2019-04-03,286.86,288.47,283.91,284.94,576154
2019-04-04,284.4,286.91,277.65,282.87,691855
2019-04-05,282.87,288.09,282.13,284.91,549380
2019-04-08,285.4,286.5,278.21,282.95,600518
2019-04-09,281.53,284.41,281.19,281.65,490000
2019-04-10,282.77,282.77,278.24,280.54,591191
2019-04-11,280.18,280.49,270.25,271.89,849873
2019-04-12,272.14,273.0,267.6,270.08,950202
2019-04-15,271.45,276.79,270.68,272.3,884304
2019-04-16,273.95,275.52,264.54,265.95,563041
2019-04-17,267.58,267.86,250.3,251.49,1020074
2019-04-18,252.5,257.07,244.08,256.56,1183125
2019-04-22,255.7,263.79,254.5,260.93,764925
2019-04-23,260.81,263.95,256.16,262.18,738064
2019-04-24,260.06,276.77,258.02,270.83,1113294
2019-04-25,268.9,278.47,265.0,268.13,600162
2019-04-26,268.4,276.96,268.4,274.91,736299
2019-04-29,275.43,277.0,271.95,274.0,805682
2019-04-30,273.01,279.2,272.45,277.41,826375
2019-05-01,279.36,281.75,274.31,277.07,1343428
2019-05-02,232.0,280.0,228.0,264.77,4773067
2019-05-03,265.5,273.35,265.5,271.75,1075946
2019-05-06,265.82,273.14,263.59,268.95,920894
2019-05-07,266.43,268.72,256.74,261.98,1000250
2019-05-08,260.25,263.04,257.02,260.27,739954
2019-05-09,257.0,263.5,252.71,261.94,713084
2019-05-10,260.74,260.74,251.09,258.92,667036
2019-05-13,251.0,254.59,248.73,252.37,778516
2019-05-14,253.67,260.85,252.0,256.69,574747
2019-05-15,254.5,261.39,252.17,259.68,574593
2019-05-16,258.57,268.52,258.53,262.14,1183714
2019-05-17,260.74,262.95,256.0,260.48,596155
2019-05-20,258.18,259.13,252.01,252.58,720542
2019-05-21,253.99,263.9,253.27,260.34,746489
2019-05-22,260.14,266.89,260.14,265.48,653480
2019-05-23,263.5,266.6,259.21,262.64,881756
2019-05-24,262.97,272.79,262.83,270.39,695368
2019-05-28,269.81,276.07,269.36,269.4,834934
2019-05-29,268.93,270.0,260.05,260.37,775905
2019-05-30,261.78,266.76,261.02,266.39,444762
2019-05-31,262.49,264.84,259.49,261.92,514158
2019-06-03,260.76,265.05,257.98,261.43,649173
2019-06-04,264.11,268.95,263.99,267.06,639230
2019-06-05,270.0,271.74,263.97,268.8,786036
2019-06-06,268.48,271.61,265.77,269.19,635585
2019-06-07,270.29,274.59,266.14,267.87,386439
2019-06-10,269.61,275.96,269.2,272.43,1046068
2019-06-11,274.19,279.69,259.33,262.03,703785
2019-06-12,259.99,266.0,252.57,254.54,610020
2019-06-13,253.72,256.98,251.28,255.53,514534
2019-06-14,255.38,256.05,249.52,250.96,469774
2019-06-17,251.64,259.27,250.22,256.15,435778
2019-06-18,258.12,262.67,256.24,256.47,443275
2019-06-19,257.85,258.39,252.57,256.3,468302
2019-06-20,258.04,262.49,253.2,260.33,468913
2019-06-21,260.0,261.45,255.51,256.04,650991
2019-06-24,256.06,259.29,252.5,253.17,535006
2019-06-25,254.0,260.59,253.17,257.06,537133
2019-06-26,256.45,259.82,251.0,251.62,429643
2019-06-27,253.97,257.54,253.0,254.93,318326
2019-06-28,256.63,260.59,253.76,260.49,480851
2019-07-01,263.09,275.0,262.74,265.02,777465
2019-07-02,265.91,268.32,260.35,261.49,358206
2019-07-03,262.16,264.42,260.16,261.33,186442
2019-07-05,260.31,262.66,257.63,261.47,335828
2019-07-08,261.03,262.42,254.83,257.78,356850
2019-07-09,256.11,258.97,253.45,257.3,368198
2019-07-10,257.67,262.15,255.56,255.81,390318
2019-07-11,257.96,266.54,256.01,266.09,452168
2019-07-12,264.5,265.48,257.25,262.69,400128
2019-07-15,263.19,265.66,258.08,260.58,355866
2019-07-16,261.88,261.99,253.4,253.75,378546
2019-07-17,254.34,261.55,254.34,260.06,369400
2019-07-18,259.03,263.4,259.03,262.77,310911
2019-07-19,264.08,266.86,260.31,260.47,255193
2019-07-22,260.7,270.25,260.7,263.97,429269
2019-07-23,265.26,266.66,261.29,264.67,391093
2019-07-24,265.28,276.03,264.7,275.94,470304
2019-07-25,275.23,275.33,269.36,272.21,389483
2019-07-26,274.26,275.11,271.02,272.66,299089
2019-07-29,271.98,276.46,267.59,275.93,378626
2019-07-30,273.87,279.52,273.61,279.23,391377
2019-07-31,280.37,285.77,276.05,278.56,572240
2019-08-01,222.7,224.99,197.81,204.87,4255170
2019-08-02,197.97,204.82,197.01,200.62,1264643
2019-08-05,207.18,212.75,201.49,204.53,1524718
2019-08-06,205.8,209.25,197.05,200.48,794250
2019-08-07,198.95,199.1,189.63,189.93,1110018
2019-08-08,190.23,192.94,181.02,191.7,1309500
2019-08-09,191.3,196.47,189.9,191.0,507534
2019-08-12,188.67,193.42,187.43,191.72,518795
2019-08-13,189.36,198.07,189.32,197.15,665123
2019-08-14,194.03,197.68,189.73,190.13,566105
2019-08-15,190.92,193.15,190.27,192.06,665634
2019-08-16,192.64,194.47,191.84,193.01,488911
2019-08-19,195.0,195.0,190.22,192.31,469561
2019-08-20,192.97,200.43,192.17,192.63,478780
2019-08-21,192.86,197.68,192.86,195.84,439688
2019-08-22,197.3,200.0,194.8,195.44,373989
2019-08-23,194.6,195.65,188.68,189.59,478153
2019-08-26,190.81,193.24,188.05,190.44,358577
2019-08-27,191.46,193.04,188.86,190.06,355181
2019-08-28,189.88,194.22,189.31,191.2,525775
2019-08-29,192.0,194.37,190.0,192.01,409282
2019-08-30,193.5,194.35,191.34,193.07,397103
2019-09-03,192.08,192.47,182.05,183.64,647246
2019-09-04,185.84,186.99,180.0,183.38,458245
2019-09-05,185.07,191.02,182.82,190.25,403144
2019-09-06,191.0,192.38,188.35,189.43,271103
2019-09-09,190.16,190.16,183.08,186.81,429444
2019-09-10,186.0,192.99,185.22,191.82,646952
2019-09-11,191.96,192.98,187.59,191.07,484850
2019-09-12,191.58,193.53,183.9,188.02,506753
2019-09-13,188.18,190.59,186.27,186.41,509537
2019-09-16,185.0,191.66,182.58,190.54,604005
2019-09-17,189.71,191.8,188.33,190.54,345660
2019-09-18,190.06,191.37,187.23,190.67,287782
2019-09-19,191.52,193.65,189.32,192.32,381002
2019-09-20,193.0,196.49,191.68,192.76,1104061
2019-09-23,192.47,192.47,184.75,186.01,704752
2019-09-24,186.02,189.28,181.29,184.35,758508
2019-09-25,186.32,186.77,181.2,185.28,366614
2019-09-26,185.51,185.51,175.74,177.65,631974
2019-09-27,179.31,179.39,174.44,175.89,589637
2019-09-30,175.79,180.43,174.0,177.89,624474
2019-10-01,177.89,180.81,169.85,170.21,699365
2019-10-02,168.63,169.07,163.22,163.39,684929
2019-10-03,162.9,167.04,159.4,167.03,761276
2019-10-04,168.57,170.98,167.98,169.25,473266
2019-10-07,167.02,169.67,164.31,164.43,524905
2019-10-08,163.5,164.38,158.45,159.49,811785
2019-10-09,160.1,161.15,157.47,159.31,792727
2019-10-10,159.12,162.58,155.02,162.34,1108450
2019-10-11,164.1,173.22,163.73,169.64,647077
2019-10-14,169.58,177.5,169.3,176.51,814758
2019-10-15,177.14,179.7,175.64,177.87,608295
2019-10-16,177.27,180.19,175.67,178.67,440447
2019-10-17,179.03,179.1,176.2,176.52,450485
2019-10-18,177.22,178.86,172.43,175.3,416627
2019-10-21,177.03,177.91,175.3,175.97,568907
2019-10-22,176.68,177.53,170.58,170.83,450612
2019-10-23,171.74,184.17,170.62,178.73,765921
2019-10-24,178.86,183.2,177.9,179.96,551844
2019-10-25,180.48,183.7,179.46,182.34,438637
2019-10-28,183.76,186.26,180.36,183.91,528297
2019-10-29,181.32,186.6,180.51,184.95,1017500
2019-10-30,184.07,184.48,177.75,181.77,1031229
2019-10-31,189.16,210.76,187.5,207.58,2406165
2019-11-01,207.5,216.98,203.18,216.79,1059508
2019-11-04,218.08,220.55,214.11,220.42,764745
2019-11-05,220.23,220.46,214.5,217.54,579692
2019-11-06,217.49,217.89,213.25,214.61,566735
2019-11-07,216.07,221.85,215.84,219.13,528071
2019-11-08,218.02,219.99,214.4,219.62,385643
2019-11-11,217.84,221.32,216.91,220.08,490881
2019-11-12,220.4,227.28,218.36,223.54,552824
2019-11-13,221.98,223.73,218.91,220.01,410849
2019-11-14,219.77,222.79,217.75,220.95,294382
2019-11-15,221.82,224.36,220.0,223.23,323870
2019-11-18,216.85,218.95,177.54,178.09,3296904
2019-11-19,179.19,189.09,172.09,184.34,2418396
2019-11-20,184.34,192.01,184.34,185.25,1159906
2019-11-21,185.52,188.0,178.74,186.66,773738
2019-11-22,188.13,190.81,180.88,182.0,804258
2019-11-25,182.0,188.89,181.22,187.57,744637
2019-11-26,187.62,195.05,186.0,194.26,1130423
2019-11-27,194.97,202.87,194.28,196.79,747395
2019-11-29,196.51,200.97,195.17,196.18,371703
2019-12-02,196.27,197.87,189.52,192.22,550141
2019-12-03,190.31,193.1,188.31,191.15,458351
2019-12-04,193.24,194.56,188.65,193.89,421646
2019-12-05,194.04,195.46,188.71,189.07,381702
2019-12-06,191.08,192.11,187.4,189.22,477748
2019-12-09,189.3,189.83,179.54,181.69,764077
2019-12-10,182.16,185.02,178.05,179.75,615745
2019-12-11,179.53,181.89,178.05,178.87,478991
2019-12-12,179.27,181.77,177.14,179.15,624631
2019-12-13,179.15,183.13,175.25,181.85,490557
2019-12-16,179.09,179.99,172.28,176.31,798507
2019-12-17,176.3,179.46,172.5,178.93,632021
2019-12-18,179.85,181.1,176.69,177.01,385704
2019-12-19,172.09,174.75,165.13,169.43,1566508
2019-12-20,168.8,168.8,162.25,162.89,2106056
2019-12-23,164.09,170.84,161.67,170.44,1090922
2019-12-24,171.33,174.4,171.25,172.3,387070
2019-12-26,172.58,175.25,169.41,171.01,464334
2019-12-27,171.73,172.36,169.16,169.27,360453
2019-12-30,169.69,170.7,166.08,167.29,619309
2019-12-31,167.33,171.19,167.26,170.59,767721
2020-01-02,172.51,173.86,167.14,168.81,734344
2020-01-03,166.83,169.32,165.24,166.82,746102
2020-01-06,166.53,179.42,166.02,179.04,1506438
2020-01-07,178.83,182.44,177.19,180.35,991684
2020-01-08,178.38,180.73,174.29,178.69,1122415
2020-01-09,180.19,183.8,179.25,183.6,975770
2020-01-10,190.6,195.49,185.33,189.06,1488312
2020-01-13,166.5,169.98,155.77,168.1,3981215
2020-01-14,170.18,174.77,169.0,172.73,1060297
2020-01-15,173.58,178.33,171.65,177.92,1361620
2020-01-16,178.8,184.16,178.3,181.44,896367
2020-01-17,180.77,184.95,179.39,181.28,1023412
2020-01-21,182.58,192.75,180.74,189.91,1071371
2020-01-22,189.38,191.79,183.93,184.42,818699
2020-01-23,184.24,185.0,181.33,184.46,625725
2020-01-24,185.14,187.5,181.56,182.98,557906
2020-01-27,179.11,183.72,178.0,181.45,567531
2020-01-28,182.26,187.12,181.61,187.01,592522
2020-01-29,186.0,192.63,185.34,188.85,711984
2020-01-30,187.7,189.4,183.66,186.85,502792
2020-01-31,186.34,188.83,183.44,186.29,430296
2020-02-03,186.45,190.09,184.85,185.95,509292
2020-02-04,187.81,192.72,186.25,190.9,526437
2020-02-05,192.74,194.33,188.62,190.73,870818
2020-02-06,175.41,199.26,171.15,196.01,1625521
2020-02-07,193.92,194.0,184.0,186.91,1032096
2020-02-10,187.19,187.74,172.5,174.08,1425950
2020-02-11,175.5,179.25,172.7,175.82,847151
2020-02-12,169.09,172.35,166.25,166.94,1728757
2020-02-13,167.8,167.86,162.55,164.8,1281331
2020-02-14,165.0,168.09,163.2,167.22,625251
2020-02-18,167.22,170.91,166.51,169.0,626605
2020-02-19,170.14,171.21,167.66,167.9,618058
2020-02-20,168.45,169.18,165.17,168.08,697107
2020-02-21,167.39,168.02,164.88,166.74,458662
2020-02-24,163.88,166.27,160.73,165.29,746266
2020-02-25,167.0,167.0,157.9,158.8,681279
2020-02-26,159.58,161.27,154.01,154.09,798274
2020-02-27,150.1,159.18,149.07,153.97,850836
2020-02-28,150.0,153.39,147.28,150.26,1047407
2020-03-02,151.09,155.49,148.03,155.1,743609
2020-03-03,154.56,158.75,148.01,149.18,733079
2020-03-04,151.81,154.6,148.7,154.23,559351
2020-03-05,152.58,154.78,150.0,154.51,598196
2020-03-06,152.04,158.17,150.89,157.08,737496
2020-03-09,148.5,159.05,147.07,156.37,1039976
2020-03-10,160.05,165.5,155.38,164.73,922711
2020-03-11,161.68,161.68,149.17,151.13,1038251
2020-03-12,143.07,149.43,135.77,136.97,1061030
2020-03-13,141.98,142.99,136.43,142.82,1050309
2020-03-16,132.13,148.45,132.13,142.44,1229524
2020-03-17,145.2,148.42,134.49,145.25,1145519
2020-03-18,136.02,146.91,132.5,146.55,969395
2020-03-19,142.41,145.95,135.46,140.51,950567
2020-03-20,142.13,143.87,130.01,130.51,848826
2020-03-23,132.39,134.74,119.01,132.34,1296716
2020-03-24,136.39,146.67,134.44,143.67,742829
2020-03-25,144.01,152.0,140.02,146.89,469532
2020-03-26,147.4,155.31,147.0,149.17,699865
2020-03-27,146.35,146.52,141.62,145.24,500887
2020-03-30,146.03,149.89,143.69,148.99,481340
2020-03-31,148.51,151.24,142.68,145.16,633133
2020-04-01,140.95,147.37,140.14,144.48,765762
2020-04-02,143.11,147.46,140.39,143.28,481124
2020-04-03,142.38,145.7,140.82,141.4,440803
2020-04-06,144.2,150.87,143.66,150.26,575116
2020-04-07,153.0,162.23,151.6,152.78,938237
2020-04-08,153.26,157.48,151.47,156.27,580996
2020-04-09,156.25,160.69,154.6,160.08,501169
2020-04-13,159.81,159.81,152.21,156.39,445845
2020-04-14,158.26,164.62,157.16,161.35,561513
2020-04-15,159.07,162.82,156.67,159.54,320118
2020-04-16,160.19,162.06,158.08,160.2,245920
2020-04-17,162.82,166.52,161.5,166.02,497060
2020-04-20,166.0,170.18,163.98,166.2,342852
2020-04-21,164.4,167.78,161.99,164.5,391060
2020-04-22,167.26,168.28,165.22,166.73,328531
2020-04-23,168.79,171.25,167.03,170.76,443853
2020-04-24,171.89,172.47,167.58,168.52,600502
2020-04-27,166.28,168.51,159.01,163.47,1131014
2020-04-28,166.0,167.85,161.0,164.4,582622
2020-04-29,165.9,171.01,164.75,169.28,838582
2020-04-30,174.98,198.43,169.28,191.25,2489364
2020-05-01,190.0,190.04,182.2,183.49,835930
2020-05-04,182.58,183.12,177.69,181.0,623481
2020-05-05,182.84,189.62,182.53,186.22,383545
2020-05-06,187.59,190.12,185.03,186.91,375753
2020-05-07,188.16,192.33,187.03,188.33,654128
2020-05-08,188.14,190.28,185.76,187.07,389822
2020-05-11,187.1,197.45,186.65,194.61,515787
2020-05-12,192.79,197.79,190.52,191.29,584194
2020-05-13,191.67,193.53,180.29,185.6,489440
2020-05-14,183.98,184.62,181.26,184.27,338571
2020-05-15,183.15,187.58,182.02,184.92,276045
2020-05-18,188.88,194.75,188.88,191.05,366054
2020-05-19,190.95,194.33,188.37,190.79,339764
2020-05-20,192.62,196.74,192.24,196.36,299723
2020-05-21,196.6,198.55,194.13,196.32,294715
2020-05-22,198.03,207.22,196.03,206.16,642052
2020-05-26,210.57,214.4,205.67,209.08,855441
2020-05-27,210.0,210.0,200.46,207.76,425607
2020-05-28,207.88,218.98,207.16,217.36,802847
2020-05-29,218.53,224.18,214.39,223.9,972232
2020-06-01,222.11,226.85,220.83,226.14,356834
2020-06-02,226.62,231.42,222.85,230.66,509432
2020-06-03,233.79,242.67,230.66,238.04,729426
2020-06-04,235.45,238.94,234.04,236.02,495439
2020-06-05,237.23,251.87,236.1,249.81,600324
2020-06-08,250.0,257.93,246.91,253.3,734159
2020-06-09,253.18,253.18,243.18,245.62,464449
2020-06-10,246.41,252.98,244.59,250.85,409037
2020-06-11,246.43,246.43,234.0,235.6,577532
2020-06-12,239.77,247.74,235.12,241.68,404216
2020-06-15,239.96,246.94,236.35,246.33,402058
2020-06-16,252.49,252.49,246.3,249.14,419003
2020-06-17,252.04,256.0,249.15,254.73,381594
2020-06-18,254.0,255.34,250.04,253.36,324048
2020-06-19,254.22,260.45,250.9,257.09,766469
2020-06-22,258.88,259.25,253.62,254.66,391986
2020-06-23,254.67,258.82,252.13,252.58,420759
2020-06-24,252.15,253.42,239.48,241.66,498239
2020-06-25,240.0,242.47,235.99,241.75,420051
2020-06-26,243.34,243.34,237.6,239.27,477442
2020-06-29,240.76,241.62,234.39,240.22,335369
2020-06-30,240.08,242.56,237.18,241.56,362439
2020-07-01,242.96,257.49,242.68,255.22,655623
2020-07-02,256.11,266.35,255.43,263.84,518829
2020-07-06,267.57,272.56,263.81,266.21,516999
2020-07-07,266.07,271.11,261.73,264.59,402333
2020-07-08,265.37,268.2,262.8,265.64,272963
2020-07-09,267.3,268.72,261.01,265.68,257240
2020-07-10,265.45,266.3,261.47,264.51,152338
2020-07-13,267.96,274.2,262.74,264.55,527473
2020-07-14,262.97,264.56,251.86,264.41,356102
2020-07-15,269.69,277.28,262.82,276.64,379864
2020-07-16,273.55,276.8,271.22,273.04,176802
2020-07-17,273.86,284.73,272.24,284.55,459883
2020-07-20,285.0,292.28,283.14,290.79,490215
2020-07-21,294.49,300.02,290.93,298.57,601547
2020-07-22,298.78,300.78,293.58,297.27,372457
2020-07-23,299.53,301.11,293.26,294.57,209906
2020-07-24,293.2,294.87,286.85,292.94,184348
2020-07-27,293.0,300.37,290.05,298.61,261281
2020-07-28,299.46,299.56,294.14,294.89,250176
2020-07-29,294.91,301.48,294.91,299.1,299328
2020-07-30,298.41,300.94,292.29,298.91,277300
2020-07-31,300.2,302.97,294.22,299.94,282274
2020-08-03,300.5,309.17,298.3,308.35,372670
2020-08-04,308.93,310.97,302.83,305.35,372272
2020-08-05,305.36,319.19,303.11,317.0,466694
2020-08-06,317.04,318.46,308.48,314.98,442425
2020-08-07,310.48,316.88,307.44,310.82,445410
2020-08-10,306.96,308.62,298.71,300.02,371903
2020-08-11,300.01,302.05,294.09,294.87,429454
2020-08-12,294.85,307.24,294.85,302.34,248780
2020-08-13,304.29,310.23,304.06,308.37,185442
2020-08-14,307.48,310.62,303.67,307.35,263670
2020-08-17,307.76,313.8,305.68,309.55,189405
2020-08-18,311.99,314.56,306.5,313.2,207465
2020-08-19,312.38,317.69,311.49,314.35,231123
2020-08-20,311.16,315.0,309.04,310.01,214550
2020-08-21,310.0,310.5,304.45,307.57,254002
2020-08-24,308.99,313.1,303.15,304.95,287215
2020-08-25,304.53,318.96,303.77,311.12,253566
2020-08-26,308.52,309.18,302.37,306.14,240729
2020-08-27,309.38,314.09,304.88,311.1,207375
2020-08-28,308.77,312.28,301.36,303.04,278662
2020-08-31,303.05,310.41,301.51,307.62,320574
2020-09-01,307.72,310.25,303.5,307.33,320316
2020-09-02,307.34,315.35,301.05,312.73,395878
2020-09-03,311.51,312.0,291.21,294.01,381898
2020-09-04,295.26,295.26,271.06,275.89,511884
2020-09-08,269.79,275.29,261.79,268.19,392778
2020-09-09,273.37,279.69,272.96,277.93,390441
2020-09-10,279.0,282.83,271.16,272.02,210489
2020-09-11,274.76,276.5,266.71,269.77,356650
2020-09-14,272.75,280.61,272.38,275.7,307123
2020-09-15,277.92,283.5,276.33,279.16,220064
2020-09-16,277.15,282.61,270.08,274.41,341440
2020-09-17,272.75,277.05,268.1,276.14,329776
2020-09-18,275.23,275.94,260.95,265.07,539123
2020-09-21,260.26,266.27,256.17,265.86,334759
2020-09-22,266.99,269.4,261.23,268.99,196781
2020-09-23,266.55,268.44,259.4,260.11,318053
2020-09-24,261.04,265.57,256.51,262.47,307076
2020-09-25,261.37,268.51,259.47,266.44,224338
2020-09-28,269.98,275.32,268.48,273.55,297245
2020-09-29,271.31,279.44,271.31,272.46,186192
2020-09-30,275.12,280.88,272.22,277.06,339825
2020-10-01,277.14,280.73,258.29,260.45,971052
2020-10-02,256.48,265.41,255.41,261.99,432306
2020-10-05,263.91,270.69,263.01,270.69,312927
2020-10-06,268.69,271.17,263.57,264.82,357704
2020-10-07,268.22,272.8,267.83,268.54,199938
2020-10-08,271.0,272.93,267.13,271.2,225644
2020-10-09,273.3,276.24,271.56,273.56,150390
2020-10-12,274.8,279.38,272.65,277.85,243640
2020-10-13,278.23,280.95,274.96,276.95,191792
2020-10-14,280.0,287.51,278.63,280.84,241698
2020-10-15,275.09,285.92,270.03,283.57,263968
2020-10-16,283.58,289.31,279.97,286.48,262600
2020-10-19,287.58,291.33,280.31,281.47,227804
2020-10-20,283.35,285.25,277.0,277.53,141637
2020-10-21,277.78,280.35,269.94,272.6,245345
2020-10-22,273.05,278.67,270.62,278.5,292447
2020-10-23,277.59,281.99,276.37,281.42,202810
2020-10-26,279.22,288.58,277.95,288.32,291428
2020-10-27,287.91,293.47,285.35,290.51,354339
2020-10-28,286.87,290.67,279.84,283.0,448734
2020-10-29,268.0,270.0,254.28,254.61,835818
2020-10-30,253.65,258.18,242.73,251.88,426359
2020-11-02,253.42,259.75,250.73,254.85,443756
2020-11-03,259.4,261.87,253.59,260.8,345786
2020-11-04,267.07,272.0,262.78,266.44,335590
2020-11-05,271.52,275.86,267.88,272.4,241582
2020-11-06,273.21,274.68,264.98,272.21,205015
2020-11-09,282.13,292.23,277.22,279.61,426392
2020-11-10,277.91,279.54,262.31,268.84,320730
2020-11-11,272.08,273.15,268.13,269.28,201117
2020-11-12,269.8,274.0,266.96,268.29,178823
2020-11-13,271.12,273.68,270.0,272.1,135561
